INSERT INTO Installateur (id, install_nom)
VALUES (1, 'Laurent et Fils'),
    (2, 'Moulin'),
    (3, 'Joly Gallet SA'),
    (4, 'Maury S.A.R.L.'),
    (5, 'Martinez SA'),
    (6, 'Rey Bodin S.A.S.'),
    (7, 'Guilbert S.A.'),
    (8, 'Vasseur'),
    (9, 'Pruvost'),
    (10, 'Robert'),
    (11, 'Rocher Briand SARL'),
    (12, 'Meyer'),
    (13, 'Ledoux Marques SA'),
    (14, 'Gillet SA'),
    (15, 'Barre'),
    (16, 'Bertrand'),
    (17, 'Regnier'),
    (18, 'Hoareau SA'),
    (19, 'Techer'),
    (20, 'Verdier');
INSERT INTO Marque_Ondulateur (id, nom)
VALUES (1, 'MO_1'),
    (2, 'MO_2'),
    (3, 'MO_3'),
    (4, 'MO_4'),
    (5, 'MO_5'),
    (6, 'MO_6'),
    (7, 'MO_7'),
    (8, 'MO_8'),
    (9, 'MO_9'),
    (10, 'MO_10'),
    (11, 'MO_11'),
    (12, 'MO_12'),
    (13, 'MO_13'),
    (14, 'MO_14'),
    (15, 'MO_15'),
    (16, 'MO_16'),
    (17, 'MO_17'),
    (18, 'MO_18'),
    (19, 'MO_19'),
    (20, 'MO_20');
INSERT INTO Marque_Panneau (id, nom)
VALUES (1, 'MP_1'),
    (2, 'MP_2'),
    (3, 'MP_3'),
    (4, 'MP_4'),
    (5, 'MP_5'),
    (6, 'MP_6'),
    (7, 'MP_7'),
    (8, 'MP_8'),
    (9, 'MP_9'),
    (10, 'MP_10'),
    (11, 'MP_11'),
    (12, 'MP_12'),
    (13, 'MP_13'),
    (14, 'MP_14'),
    (15, 'MP_15'),
    (16, 'MP_16'),
    (17, 'MP_17'),
    (18, 'MP_18'),
    (19, 'MP_19'),
    (20, 'MP_20');
INSERT INTO Modele_Panneau (id, nom)
VALUES (1, 'MPan_1'),
    (2, 'MPan_2'),
    (3, 'MPan_3'),
    (4, 'MPan_4'),
    (5, 'MPan_5'),
    (6, 'MPan_6'),
    (7, 'MPan_7'),
    (8, 'MPan_8'),
    (9, 'MPan_9'),
    (10, 'MPan_10'),
    (11, 'MPan_11'),
    (12, 'MPan_12'),
    (13, 'MPan_13'),
    (14, 'MPan_14'),
    (15, 'MPan_15'),
    (16, 'MPan_16'),
    (17, 'MPan_17'),
    (18, 'MPan_18'),
    (19, 'MPan_19'),
    (20, 'MPan_20');
INSERT INTO Modele_Ondulateur (id, nom)
VALUES (1, 'MOnd_1'),
    (2, 'MOnd_2'),
    (3, 'MOnd_3'),
    (4, 'MOnd_4'),
    (5, 'MOnd_5'),
    (6, 'MOnd_6'),
    (7, 'MOnd_7'),
    (8, 'MOnd_8'),
    (9, 'MOnd_9'),
    (10, 'MOnd_10'),
    (11, 'MOnd_11'),
    (12, 'MOnd_12'),
    (13, 'MOnd_13'),
    (14, 'MOnd_14'),
    (15, 'MOnd_15'),
    (16, 'MOnd_16'),
    (17, 'MOnd_17'),
    (18, 'MOnd_18'),
    (19, 'MOnd_19'),
    (20, 'MOnd_20');
INSERT INTO Panneau (id, id_Marque_Panneau, id_Modele_Panneau)
VALUES (1, 1, 1),
    (2, 2, 2),
    (3, 3, 3),
    (4, 4, 4),
    (5, 5, 5),
    (6, 6, 6),
    (7, 7, 7),
    (8, 8, 8),
    (9, 9, 9),
    (10, 10, 10),
    (11, 11, 11),
    (12, 12, 12),
    (13, 13, 13),
    (14, 14, 14),
    (15, 15, 15),
    (16, 16, 16),
    (17, 17, 17),
    (18, 18, 18),
    (19, 19, 19),
    (20, 20, 20);
INSERT INTO Ondulateur (id, id_Marque_Ondulateur, id_Modele_Ondulateur)
VALUES (1, 1, 1),
    (2, 2, 2),
    (3, 3, 3),
    (4, 4, 4),
    (5, 5, 5),
    (6, 6, 6),
    (7, 7, 7),
    (8, 8, 8),
    (9, 9, 9),
    (10, 10, 10),
    (11, 11, 11),
    (12, 12, 12),
    (13, 13, 13),
    (14, 14, 14),
    (15, 15, 15),
    (16, 16, 16),
    (17, 17, 17),
    (18, 18, 18),
    (19, 19, 19),
    (20, 20, 20);
INSERT INTO Pays (id, pays_nom)
VALUES (1, 'Corée du Nord'),
    (2, 'Réunion (La)'),
    (3, 'Azerbaïdjan'),
    (4, 'Arabie saoudite'),
    (5, 'Portugal'),
    (6, 'Égypte'),
    (7, 'Sri Lanka'),
    (8, 'Ghana'),
    (9, 'Bangladesh'),
    (10, 'Tunisie'),
    (11, 'El Salvador'),
    (12, 'Turquie'),
    (13, 'Bhoutan'),
    (14, 'Irak'),
    (15, 'Féroé (Îles)'),
    (16, 'Libye'),
    (17, 'Paraguay'),
    (18, 'Timor'),
    (19, 'Hongrie'),
    (20, 'Chili');
INSERT INTO Region (id, dep_reg, id_Pays)
VALUES (1, 'Martinique', 1),
    (2, 'Guadeloupe', 2),
    (3, 'Midi-Pyrénées', 3),
    (4, 'Pays-de-Loire', 4),
    (5, 'Bretagne', 5),
    (6, 'Languedoc-Roussillon', 6),
    (7, 'Basse-Normandie', 7),
    (8, 'Languedoc-Roussillon', 8),
    (9, 'Saint-Martin', 9),
    (10, 'Guyane', 10),
    (11, 'Pays-de-Loire', 11),
    (12, 'Nord-Pas-de-Calais', 12),
    (13, 'Province-Alpes-Côte d''Azur', 13),
    (14, 'Bourgogne', 14),
    (15, 'Nord-Pas-de-Calais', 15),
    (16, 'Auvergne', 16),
    (17, 'Province-Alpes-Côte d''Azur', 17),
    (18, 'Réunion', 18),
    (19, 'Pays-de-Loire', 19),
    (20, 'Bretagne', 20);
INSERT INTO Departement (id, dep_nom, id_Region)
VALUES (1, '27 - Eure', 1),
    (2, '72 - Sarthe', 2),
    (3, '91 - Essonne', 3),
    (4, '40 - Landes', 4),
    (5, '27 - Eure', 5),
    (6, '83 - Var', 6),
    (7, '63 - Puy-de-Dôme', 7),
    (8, '50 - Manche', 8),
    (9, '82 - Tarn-et-Garonne', 9),
    (10, '58 - Nièvre', 10),
    (11, '19 - Corrèze', 11),
    (12, '33 - Gironde', 12),
    (13, '18 - Cher', 13),
    (14, '31 - Haute-Garonne', 14),
    (15, '95 - Val-d''Oise', 15),
    (16, '71 - Saône-et-Loire', 16),
    (17, '68 - Haut-Rhin', 17),
    (18, '33 - Gironde', 18),
    (19, '95 - Val-d''Oise', 19),
    (20, '74 - Haute-Savoie', 20);
INSERT INTO Commune (id, code_insee, com_nom, id_Departement)
VALUES (1, 13278, 'Guillonnec', 1),
    (2, 46048, 'Vasseur', 2),
    (3, 42098, 'Grégoire', 3),
    (4, 39256, 'RobinVille', 4),
    (5, 28289, 'Saint Lorraine-les-Bains', 5),
    (6, 23434, 'GodardBourg', 6),
    (7, 98696, 'Weberdan', 7),
    (8, 81482, 'DeschampsVille', 8),
    (9, 21395, 'Sainte Paulineboeuf', 9),
    (10, 87397, 'Sainte Bernadette-les-Bains', 10),
    (11, 65302, 'Bernard-la-Forêt', 11),
    (12, 14165, 'Ledoux-les-Bains', 12),
    (13, 13905, 'Gautier-la-Forêt', 13),
    (14, 22280, 'Raynaud-sur-Mer', 14),
    (15, 38657, 'Besson', 15),
    (16, 40495, 'Gimenez', 16),
    (17, 76237, 'Martinboeuf', 17),
    (18, 88907, 'MoreauBourg', 18),
    (19, 13478, 'Le Gall', 19),
    (20, 83563, 'Boyer', 20);